identifiant;nom;nombre Velos Disponibles;nombre Places Disponibles;adresse;commune;etat;etatConnexion;type;geo
10;10 Rihour (CB);0;32;ANGLE PLACE RIHOUR RUE JEAN ROISIN;LILLE;EN SERVICE;CONNECTEE;AVEC TPE;50.63589, 3.062471
102;102 Mairie de Mons (CB);5;11;AVENUE ROBERT SCHUMAN;MONS EN BAROEUL;EN SERVICE;CONNECTEE;AVEC TPE;50.642418, 3.110835
11;11 Nouveau siecle (CB);0;32;10 RUE DE PAS (SUR LA PLACE PIERRE MENDES FRANCE);LILLE;EN SERVICE;CONNECTEE;AVEC TPE;50.63734, 3.060977
111;111 Hellemmes Cimetieres;7;5;318, RUE ROGER SALENGRO;HELLEMMES;EN SERVICE;CONNECTEE;SANS TPE;50.62486, 3.116677
112;112 Square Charles de Gaulle;10;2;4, RUE FERDINAND BUISSON;HELLEMMES;EN SERVICE;CONNECTEE;SANS TPE;50.626846, 3.115101
12;12 Opera (CB);0;25;FACE AU 8 RUE ANATOLE FRANCE;LILLE;EN SERVICE;CONNECTEE;AVEC TPE;50.637486, 3.065902
121;121 Pont superieur (CB);7;9;ANGLE DE LA RUE AUGUSTE BONTE  ET DU N°520 DE L’AVENUE DE DUNKERQUE;LOMME;EN SERVICE;CONNECTEE;AVEC TPE;50.644855, 3.013238
126;126 Le Polyedre;10;6;FACE AU 38, AVENUE RHIN ET DANUBE;MONS EN BAROEUL;EN SERVICE;CONNECTEE;SANS TPE;50.64057, 3.115571
127;127 Flers Mairie (CB);5;7;16 RUE DU GÉNÉRAL LECLERC;VILLENEUVE D'ASCQ;EN SERVICE;CONNECTEE;AVEC TPE;50.63708, 3.127964
128;128 Rue Louise Michel;11;5;93 RUE LOUISE MICHEL;VILLENEUVE D'ASCQ;EN SERVICE;CONNECTEE;SANS TPE;50.633842, 3.127335
132;132 Centre Commercial V2 (CB);4;15;BOULEVARD VALMY;VILLENEUVE D'ASCQ;EN SERVICE;CONNECTEE;AVEC TPE;50.61606, 3.132006
134;134 Rue des Victoires;8;8;76, BOULEVARD VAN GOGH;VILLENEUVE D'ASCQ;EN SERVICE;CONNECTEE;SANS TPE;50.6221, 3.131706
141;141 Metro Triolo (CB);8;16;2 RUE TRAVERSIÈRE ANGLE ALLÉE TURGOT;VILLENEUVE D'ASCQ;EN SERVICE;CONNECTEE;AVEC TPE;50.61682, 3.140808
145;145 Residence;8;12;PLACE N. DAME DE LA NATIVITÉ;VILLENEUVE D'ASCQ;EN SERVICE;CONNECTEE;SANS TPE;50.61992, 3.14528
148;148 P.I. de Douai;20;0;RUE DU FAUBOURG DE DOUAI SOUS LE PONT;LILLE;EN SERVICE;CONNECTEE;SANS TPE;50.612194, 3.074952
150;150 Ronchin Mairie (CB);7;17;SUR LE PARVIS DE LA MAIRIE;RONCHIN;EN SERVICE;CONNECTEE;AVEC TPE;50.60548, 3.077622
152;152 Chemin rouge;11;4;FACE AU 2 CHEMIN ROUGE;FACHES-THUMESNIL;EN SERVICE;CONNECTEE;SANS TPE;50.61058, 3.065103
157;157 Canon d'Or (CB);15;0;FACE AU 255 RUE DE LILLE;LAMBERSART;EN SERVICE;CONNECTEE;AVEC TPE;50.64989, 3.042045
16;16 Magasin;14;2;3 RUE SAINT ANDRE;LILLE;EN SERVICE;CONNECTEE;SANS TPE;50.646225, 3.053499
20;20 N.D. de la Treille;19;11;PLACE GILLSON;LILLE;EN SERVICE;CONNECTEE;SANS TPE;50.640385, 3.062053
201;201 Edhec;9;21;272, RUE VERTE;CROIX;EN SERVICE;CONNECTEE;SANS TPE;50.673943, 3.163443
21;21 Place du Concert (CB);9;11;RUE ALPHONSE COLAS;LILLE;EN SERVICE;CONNECTEE;AVEC TPE;50.64193, 3.061774
211;211 Gustave Delory (CB);10;8;48, AVENUE GUSTAVE DELORY;ROUBAIX;EN SERVICE;CONNECTEE;AVEC TPE;50.674164, 3.174519
219;219 Gare Jean Lebas (CB);6;11;PLACE DE LA GARE;ROUBAIX;EN SERVICE;CONNECTEE;AVEC TPE;50.695477, 3.164222
222;222 Les Gobelins;4;8;32, RUE DE LA COMMUNAUTÉ URBAINE;ROUBAIX;EN SERVICE;CONNECTEE;SANS TPE;50.6941, 3.172165
223;223 Place Trichon;6;10;3, PLACE DU TRICHON;ROUBAIX;EN SERVICE;CONNECTEE;SANS TPE;50.690315, 3.16912
228;228 Pellart;9;7;15, RUE PELLART;ROUBAIX;EN SERVICE;CONNECTEE;SANS TPE;50.69535, 3.180779
23;23 Rue des Arts;7;11;41 RUE DES ARTS;LILLE;EN SERVICE;CONNECTEE;SANS TPE;50.639107, 3.065548
231;231 Motte Bossut;10;8;ROND POINT DE L'EUROPE;ROUBAIX;EN SERVICE;CONNECTEE;SANS TPE;50.689762, 3.177179
236;236 Chaptal;5;7;3, RUE D'AVELGHEM;ROUBAIX;EN SERVICE;CONNECTEE;SANS TPE;50.694714, 3.192643
243;243 Victoire;6;5;FACE AU 1 PLACE DE LA VICTOIRE;TOURCOING;EN SERVICE;CONNECTEE;SANS TPE;50.718204, 3.15749
246;246 Cavell;6;6;FACE AU 49 RUE DE LA CLOCHE;TOURCOING;EN SERVICE;CONNECTEE;SANS TPE;50.72271, 3.163794
249;249 Rue de Menin;3;9;FACE AU 40 RUE JOURDAN;TOURCOING;EN SERVICE;CONNECTEE;SANS TPE;50.728798, 3.154051
252;252 Rue des Poutrains;5;11;RUE DE LILLE;TOURCOING;EN SERVICE;CONNECTEE;SANS TPE;50.72263, 3.150377
253;253 Avenue Millet;8;4;SECTEUR RUE CONDORCET;TOURCOING;EN SERVICE;CONNECTEE;SANS TPE;50.725006, 3.150677
254;254 Sebastopol;7;11;FACE AU 69 RUE CARNOT;TOURCOING;EN SERVICE;CONNECTEE;SANS TPE;50.717323, 3.162236
256;256 Pont de Neuville (CB);6;10;301, RUE DU PONT DE NEUVILLE;TOURCOING;EN SERVICE;CONNECTEE;AVEC TPE;50.73696, 3.171169
263;263 Stalingrad;6;6;38-4 RUE DE STALINGRAD;WATTRELOS;EN SERVICE;CONNECTEE;SANS TPE;50.69626, 3.209156
34;34 Place Catinat (CB);8;12;199 RUE COLBERT;LILLE;EN SERVICE;CONNECTEE;AVEC TPE;50.63413, 3.041209
40;40 Metro Gambetta (CB);11;5;41 RUE DU MARCHE;LILLE;EN SERVICE;CONNECTEE;AVEC TPE;50.62614, 3.051729
42;42 Place Philippe Lebon (CB);14;2;15 PLACE PHILLIPPE LEBON;LILLE;EN SERVICE;CONNECTEE;AVEC TPE;50.627586, 3.061974
46;46 Artois (CB);18;0;12 RUE D'ARTOIS;LILLE;EN SERVICE;CONNECTEE;AVEC TPE;50.62629, 3.061198
50;50 Rue d'Arras (CB);22;3;4 RUE WAZEMMES;LILLE;EN SERVICE;CONNECTEE;AVEC TPE;50.62224, 3.067004
61;61 Lille Grand Palais;16;7;30 BOULEVARD DU MARECHAL VAILLANT;LILLE;EN SERVICE;CONNECTEE;SANS TPE;50.629246, 3.075218
62;62 Zenith (CB);11;18;BOULEVARD EMILE DUBUISSON;LILLE;EN SERVICE;CONNECTEE;AVEC TPE;50.632965, 3.076437
66;66 Delesalle Mediatheque;2;16;35 RUE EDOUARD DELESALLE;LILLE;EN SERVICE;CONNECTEE;SANS TPE;50.63237, 3.066273
7;07 Place de Strasbourg;0;16;7 PLACE DE STRASBOURG;LILLE;EN SERVICE;CONNECTEE;SANS TPE;50.633728, 3.055307
70;70 Cite Administrative;0;16;51 RUE DE TOURNAI;LILLE;EN SERVICE;CONNECTEE;SANS TPE;50.63424, 3.073991
78;78 Hotel de Police;8;9;RUE DU FAUBOURG DES POSTES;LILLE;EN SERVICE;CONNECTEE;SANS TPE;50.615536, 3.048518
87;87 Jules Guesde (CB);4;8;RUE ST ELOI;LILLE HELLEMMES;EN SERVICE;CONNECTEE;AVEC TPE;50.632393, 3.110669
92;92 Rue de la Gaite;8;10;9 RUE MARCEAU;LILLE;EN SERVICE;CONNECTEE;SANS TPE;50.63665, 3.091106
104;104 Mendes France;9;9;BD NAPOLEON 1ER;MONS EN BAROEUL;EN SERVICE;CONNECTEE;SANS TPE;50.64584, 3.112744
109;109 Square du Portugal;16;0;FACE AU 204 RUE DE LA BASSEE;LILLE;EN SERVICE;CONNECTEE;SANS TPE;50.623466, 3.030667
119;119 Lomme-Lambersart;11;7;390, AVENUE DE DUNKERQUE;LAMBERSART;EN SERVICE;CONNECTEE;SANS TPE;50.640957, 3.018803
122;122 Piscine de Marcq;13;3;298-300 AVENUE DE LATTRE DE TASSIGNY;MARCQ EN BAROEUL;EN SERVICE;CONNECTEE;SANS TPE;50.665714, 3.087294
125;125 Fort de Mons;9;11;12, RUE DE NORMANDIE;MONS EN BAROEUL;EN SERVICE;CONNECTEE;SANS TPE;50.643883, 3.118579
138;138 Ladriere;15;5;FACE AU 53 RUE DE FIVES;VILLENEUVE D'ASCQ;EN SERVICE;CONNECTEE;SANS TPE;50.631298, 3.126914
14;14 Champ de Mars (CB);0;40;AVENUE LEON JOUHAUX (QUAI DE LA CITADELLE);LILLE;EN SERVICE;CONNECTEE;AVEC TPE;50.63781, 3.052217
146;146 Solferino Nationale (CB);0;19;FACE 171 RUE NATIONALE;LILLE;EN SERVICE;CONNECTEE;AVEC TPE;50.63268, 3.052483
153;153 Pompidou;24;0;FACE AU 102 ALLEE DU RIEZ;LA MADELEINE;EN SERVICE;CONNECTEE;SANS TPE;50.65547, 3.064989
2;02 Universite Catholique (CB);3;28;RUE DU PORT BD VAUBAN;LILLE;EN SERVICE;CONNECTEE;AVEC TPE;50.632233, 3.046134
205;205 Condition Publique (CB);9;9;45, RUE LOUIS DUPIRE;ROUBAIX;EN SERVICE;CONNECTEE;AVEC TPE;50.69094, 3.188538
208;208 De Fourmies;7;5;107, BOULEVARD DE FOURMIES;ROUBAIX;EN SERVICE;CONNECTEE;SANS TPE;50.67544, 3.181998
218;218 Place Spriet (CB);10;14;PLACE CHARLES SPRIET;ROUBAIX;EN SERVICE;CONNECTEE;AVEC TPE;50.67392, 3.18514
220;220 Musee Art et Industrie (CB);8;6;105, AVENUE JEAN-BAPTISTE LEBAS;ROUBAIX;EN SERVICE;CONNECTEE;AVEC TPE;50.693768, 3.167666
225;225 Epeule Montesquieu;8;8;RUE INKERMAN;ROUBAIX;EN SERVICE;CONNECTEE;SANS TPE;50.683987, 3.16327
237;237 Rue des Anges;6;6;FACE AU 42 RUE DES ANGES;TOURCOING;EN SERVICE;CONNECTEE;SANS TPE;50.719803, 3.156338
248;248 Rue Saint Blaise (CB);8;3;85, RUE DE GAND;TOURCOING;EN SERVICE;CONNECTEE;AVEC TPE;50.728798, 3.158835
250;250 Tourcoing Mairie (CB);8;14;6 BIS, RUE NATIONALE;TOURCOING;EN SERVICE;CONNECTEE;AVEC TPE;50.72389, 3.160344
257;257 Charles Wattinne (CB);8;8;PONT HYDRAULIQUE;TOURCOING;EN SERVICE;CONNECTEE;AVEC TPE;50.714733, 3.157181
264;264 Republique;6;6;203 RUE CARNOT;WATTRELOS;EN SERVICE;CONNECTEE;SANS TPE;50.697895, 3.206297
3;03 Jardin Vauban;2;16;39 BOULEVARD VAUBAN;LILLE;EN SERVICE;CONNECTEE;SANS TPE;50.636093, 3.050447
33;33 Port de Lille;25;1;18 RUE DE TURENNE;LILLE;EN SERVICE;CONNECTEE;SANS TPE;50.63022, 3.035681
37;37 Fulton;12;0;14 RUE DU BAZINGHIEN;LILLE;EN SERVICE;CONNECTEE;SANS TPE;50.62337, 3.037553
39;39 Marche de Wazemmes (CB);17;6;298 RUE LEON GAMBETTA;LILLE;EN SERVICE;CONNECTEE;AVEC TPE;50.627674, 3.050173
4;04 Maison Folie Wazemmes;15;5;28 RUE DE L'HOPITAL SAINT ROCH;LILLE;EN SERVICE;CONNECTEE;SANS TPE;50.624695, 3.048961
41;41 Buisson (CB);15;1;681 AVENUE DE LA REPUBLIQUE;LILLE;EN SERVICE;CONNECTEE;AVEC TPE;50.656487, 3.088004
44;44 Gambetta Utrecht;13;5;199 RUE LEON GAMBETTA;LILLE;EN SERVICE;CONNECTEE;SANS TPE;50.629063, 3.053711
53;53 Porte des Postes (CB);16;21;1 PLACE BARTHELEMY DOREZ;LILLE;EN SERVICE;CONNECTEE;AVEC TPE;50.61856, 3.049251
71;71 Bois Blancs (CB);6;12;122 AVENUE DE DUNKERQUE;LILLE;EN SERVICE;CONNECTEE;AVEC TPE;50.634045, 3.030778
80;80 Petit Maroc (CB);12;18;RUE DU PROFESSEUR LANGEVIN;LILLE;EN SERVICE;CONNECTEE;AVEC TPE;50.61989, 3.084357
82;82 Gare Lille Europe (CB);1;31;299 BOULEVARD DE LEEDS;LILLE;EN SERVICE;CONNECTEE;AVEC TPE;50.63999, 3.075204
84;84 Mairie d'Hellemmes (CB);3;20;165 RUE ROGER SALENGRO;LILLE HELLEMMES;EN SERVICE;CONNECTEE;AVEC TPE;50.627243, 3.109266
9;09 Rue de Toul;15;20;18 RUE DE TOUL;LILLE;EN SERVICE;CONNECTEE;SANS TPE;50.63393, 3.044986
97;97 La Madeleine Gare;10;7;250 RUE GENERAL DE GAULLE;LA MADELEINE;EN SERVICE;CONNECTEE;SANS TPE;50.65937, 3.074057
1;01 Metropole Europeenne de Lille (CB);0;36;MEL RUE DU BALLON;LILLE;EN SERVICE;CONNECTEE;AVEC TPE;50.641926, 3.075992
101;101 Mons Sarts (CB);9;15;AVENUE DES ACACIAS;MONS EN BAROEUL;EN SERVICE;CONNECTEE;AVEC TPE;50.6423, 3.099291
106;106 Concorde (CB);5;7;27 BOULEVARD ALPHONSE GAYET;MONS EN BAROEUL;EN SERVICE;CONNECTEE;AVEC TPE;50.638123, 3.112704
113;113 Avenue de Mormal;18;0;16, RUE DU BUISSON;LILLE;EN SERVICE;CONNECTEE;SANS TPE;50.651337, 3.08945
114;114 Bois Habite;4;13;BOULEVARD DU PRÉSIDENT HOOVER;LILLE;EN SERVICE;CONNECTEE;SANS TPE;50.62651, 3.079211
13;13 Quai du Wault (CB);17;1;17 SQUARE DUTILLEUL;LILLE;EN SERVICE;CONNECTEE;AVEC TPE;50.63671, 3.054773
133;133 Boulevard de Valmy (CB);12;16;FACE AU 233 BOULEVARD DE VALMY;VILLENEUVE D'ASCQ;EN SERVICE;CONNECTEE;AVEC TPE;50.61915, 3.126501
139;139 Rue de Lille;6;10;RUE DE LILLE;VILLENEUVE D'ASCQ;EN SERVICE;CONNECTEE;SANS TPE;50.62577, 3.144714
155;155 Bailly;13;1;FACE AU 4 RUE GAMBETTA;SAINT ANDRE LEZ LILLE;EN SERVICE;CONNECTEE;SANS TPE;50.655098, 3.051201
156;156 St Andre Mairie (CB);19;5;FACE AU 92 RUE DU GENERAL LECLERC;SAINT ANDRE LEZ LILLE;EN SERVICE;CONNECTEE;AVEC TPE;50.661602, 3.050322
215;215 Trois Ponts;0;0;186, AVENUE JULIEN LAGACHE;ROUBAIX;EN SERVICE;CONNECTEE;SANS TPE;50.684593, 3.200799
22;22 Louise de Bettignies (CB);5;25;PLACE LOUISE DE BETTIGNIES;LILLE;EN SERVICE;CONNECTEE;AVEC TPE;50.64124, 3.064987
221;221 Roubaix Mairie (CB);3;27;FACE AU 1, CONTOUR  SAINT MARTIN;ROUBAIX;EN SERVICE;CONNECTEE;AVEC TPE;50.69184, 3.173925
224;224 Centre Nautique (CB);6;7;26, RUE DE L'EPEULE;ROUBAIX;EN SERVICE;CONNECTEE;AVEC TPE;50.691406, 3.162704
226;226 Charles de Gaulle (CB);3;13;72, RUE DE LILLE;ROUBAIX;EN SERVICE;CONNECTEE;AVEC TPE;50.68645, 3.170006
230;230 De la Vigne;7;4;181, BOULEVARD DE STRASBOURG;ROUBAIX;EN SERVICE;CONNECTEE;SANS TPE;50.70076, 3.18407
233;233 Rue de Tourcoing;6;10;RUE DE TOURCOING (SUR LA PARKING GRDF);ROUBAIX;EN SERVICE;CONNECTEE;SANS TPE;50.702026, 3.172654
239;239 Bvrd de l Egalite;7;7;SECTEUR BVLD EGALITE;TOURCOING;EN SERVICE;CONNECTEE;SANS TPE;50.730278, 3.167521
245;245 Jardin Botanique (CB);9;9;126, RUE VERTE;TOURCOING;EN SERVICE;CONNECTEE;AVEC TPE;50.724686, 3.165703
258;258 Carliers (CB);7;5;135, CHAUSSÉE GALILÉE;TOURCOING;EN SERVICE;CONNECTEE;AVEC TPE;50.710735, 3.159881
261;261 Phalempins (CB);1;14;PHALEMPINS;TOURCOING;EN SERVICE;CONNECTEE;AVEC TPE;50.732277, 3.157656
262;262 Wattrelos Place (CB);7;11;2-10, D660;WATTRELOS;EN SERVICE;CONNECTEE;AVEC TPE;50.701187, 3.215011
29;29 St Sebastien (CB);20;0;40 RUE SAINT SEBASTIEN;LILLE;EN SERVICE;CONNECTEE;AVEC TPE;50.647236, 3.059376
32;32 Place aux Bleuets;2;14;15 RUE DE COURTRAI;LILLE;EN SERVICE;CONNECTEE;SANS TPE;50.64142, 3.067873
35;35 Leclerc (CB);18;0;24 PLACE MARECHAL LECLERC;LILLE;EN SERVICE;CONNECTEE;AVEC TPE;50.62899, 3.043307
43;43 Theatre Sebastopol (CB);11;13;3 PLACE SEBASTOPOL;LILLE;EN SERVICE;CONNECTEE;AVEC TPE;50.629044, 3.058288
52;52 Place Colette Besson;21;0;FACE AU 37 RUE DE WAZEMMES;LILLE;EN SERVICE;CONNECTEE;SANS TPE;50.62276, 3.063799
54;54 Metro Wazemmes (CB);16;4;93 RUE RACINE;LILLE;EN SERVICE;CONNECTEE;AVEC TPE;50.62338, 3.051565
57;57 Barthelemy Delespaul;18;0;FACE AU 52 RUE BARTHELEMY DELESPAUL;LILLE;EN SERVICE;CONNECTEE;SANS TPE;50.62418, 3.058902
63;63 Hotel de Region (CB);12;20;BOULEVARD DU PRESIDENT HOOVER;LILLE;EN SERVICE;CONNECTEE;AVEC TPE;50.629738, 3.078224
64;64 Mairie de Lille (CB);1;19;17 RUE SAINT SAUVEUR;LILLE;EN SERVICE;CONNECTEE;AVEC TPE;50.6318, 3.071392
67;67 Montebello (CB);23;1;122 BOULEVARD MONTEBELLO;LILLE;EN SERVICE;CONNECTEE;AVEC TPE;50.621952, 3.04534
68;68 Nationale Rue du Port;13;10;244 - 254 RUE NATIONALE;LILLE;EN SERVICE;CONNECTEE;SANS TPE;50.630836, 3.047778
74;74 Faubourg de Roubaix;17;0;104 RUE DU FAUBOURG DE ROUBAIX;LILLE;EN SERVICE;CONNECTEE;SANS TPE;50.641018, 3.082493
76;76 Fives (CB);17;7;123 RUE PIERRE LEGRAND;LILLE;EN SERVICE;CONNECTEE;AVEC TPE;50.632996, 3.089651
90;90 Louviere (CB);12;8;1 RUE DU DIEU DE MARCQ;LILLE;EN SERVICE;CONNECTEE;AVEC TPE;50.645107, 3.086049
93;93 Stade Ballet;14;4;85 RUE DU LONG POT;LILLE;EN SERVICE;CONNECTEE;SANS TPE;50.628918, 3.088147
95;95 Marbrerie (CB);10;8;280 BIS RUE PIERRE LEGRAND;LILLE HELLEMMES;EN SERVICE;CONNECTEE;AVEC TPE;50.63041, 3.097037
98;98 Place du Marche (CB);24;0;ANGLE DE LA RUE GAMBETTA ET LA PLACE FUSILLES ET DEPORTES;LA MADELEINE;EN SERVICE;CONNECTEE;AVEC TPE;50.6549, 3.068756
103;103 Lacordaire;7;9;44 RUE LACORDAIRE (FACE A LA PISCINE);MONS EN BAROEUL;EN SERVICE;CONNECTEE;SANS TPE;50.639828, 3.106677
107;107 Lavoisier;12;0;5 RUE LAURENT DE LAVOISIER;MONS EN BAROEUL;EN SERVICE;CONNECTEE;SANS TPE;50.636105, 3.106438
110;110 Rue Bonte-Pollet (CB);16;0;11 RUE BONTE POLLET;LILLE;EN SERVICE;CONNECTEE;AVEC TPE;50.62487, 3.034234
116;116 Botanique;16;0;185, AVENUE DE LA RÉPUBLIQUE;LA MADELEINE;EN SERVICE;CONNECTEE;SANS TPE;50.64891, 3.078336
117;117 Hippodrome (CB);11;10;9, AVENUE HENRI GRUSON;LAMBERSART;EN SERVICE;CONNECTEE;AVEC TPE;50.641617, 3.031375
120;120 Lomme Mairie;5;13;HÔTEL DE VILLE;LOMME;EN SERVICE;CONNECTEE;SANS TPE;50.639366, 3.012452
124;124 Clemenceau Hippodrome;4;13;916-920 AVENUE DE LA RÉPUBLIQ;MARCQ EN BAROEUL;EN SERVICE;CONNECTEE;SANS TPE;50.6618, 3.096235
137;137 Heron Parc (CB);1;29;40, RUE DE LA VAGUE;VILLENEUVE D'ASCQ;EN SERVICE;CONNECTEE;AVEC TPE;50.615868, 3.126089
140;140 Rue Corneille;6;7;RUE CORNEILLE (DEVANT ÉCOLE DE MUSIQUE);VILLENEUVE D'ASCQ;EN SERVICE;CONNECTEE;SANS TPE;50.623795, 3.144815
143;143 Rond Point de Tournai;8;8;55, RUE DES FUSILLÉS;VILLENEUVE D'ASCQ;EN SERVICE;CONNECTEE;SANS TPE;50.61776, 3.146026
149;149 Jean Jaures (CB);17;0;FACE AU 780 AVENUE JEAN JAURES;RONCHIN;EN SERVICE;CONNECTEE;AVEC TPE;50.609592, 3.075483
154;154 Chaufferie (CB);16;0;FACE AU 125 RUE ROGER SALENGRO;LA MADELEINE;EN SERVICE;CONNECTEE;AVEC TPE;50.65532, 3.060615
17;17 Halle aux sucres (CB);10;9;33 AVENUE DU PEUPLE BELGE;LILLE;EN SERVICE;CONNECTEE;AVEC TPE;50.644695, 3.060867
18;18 Voltaire;9;5;93 RUE ROYALE;LILLE;EN SERVICE;CONNECTEE;SANS TPE;50.6428, 3.055932
200;200 Mairie de Croix (CB);13;11;FACE AU 232, RUE JEAN JAURÈS;CROIX;EN SERVICE;CONNECTEE;AVEC TPE;50.679123, 3.155906
203;203 Victor Provo (CB);0;18;BOULEVARD DU GÉNÉRAL DE GAULLE;ROUBAIX;EN SERVICE;CONNECTEE;AVEC TPE;50.68079, 3.167454
204;204 Jean Moulin;5;10;FACE AU 49 BIS BD DU GÉNÉRAL DE GAULLE;ROUBAIX;EN SERVICE;CONNECTEE;SANS TPE;50.684757, 3.171974
214;214 Saint Jean-Baptiste (CB);8;4;1, RUE LESUEUR;ROUBAIX;EN SERVICE;CONNECTEE;AVEC TPE;50.6795, 3.179257
227;227 Bvrd Armentieres;7;11;1, BOULEVARD D'ARMENTIÈRES;ROUBAIX;EN SERVICE;CONNECTEE;SANS TPE;50.699436, 3.159658
232;232 Fosse aux Chenes (CB);4;10;13, PLACE DE LA FOSSE AUX CHÊNES;ROUBAIX;EN SERVICE;CONNECTEE;AVEC TPE;50.699734, 3.174347
24;24 Flandres Euralille (CB);1;39;PLACE DES BUISSES;LILLE;EN SERVICE;CONNECTEE;AVEC TPE;50.63698, 3.071009
242;242 Tourcoing gare (CB);4;14;PLACE PIERRE SEMARD;TOURCOING;EN SERVICE;CONNECTEE;AVEC TPE;50.716843, 3.167834
244;244 F Roosevelt;7;5;2-14 BOULEVARD DE L'ÉGALITÉ;TOURCOING;EN SERVICE;CONNECTEE;SANS TPE;50.727448, 3.16646
251;251 Colbert;6;12;RUE DE GAND (FACE AU LYCÉE);TOURCOING;EN SERVICE;CONNECTEE;SANS TPE;50.72551, 3.156554
255;255 Rue de Roubaix;7;5;SECTEUR UNION;TOURCOING;EN SERVICE;CONNECTEE;SANS TPE;50.7134, 3.165011
259;259 Mercure;7;11;BOULEVARD GAMBETTA (FACE À LA STATION DE TAXI);TOURCOING;EN SERVICE;CONNECTEE;SANS TPE;50.704693, 3.160515
26;26 Molinel;1;21;58 RUE DU MOLINEL;LILLE;EN SERVICE;CONNECTEE;SANS TPE;50.63457, 3.068007
260;260 Place Roussel (CB);3;17;45, PLACE CHARLES ET ALBERT ROUSSEL;TOURCOING;EN SERVICE;CONNECTEE;AVEC TPE;50.72101, 3.157978
27;27 Tanneurs (CB);0;36;2 - 10 RUE DES TANNEURS;LILLE;EN SERVICE;CONNECTEE;AVEC TPE;50.635014, 3.064802
28;28 Palais Rameau (CB);3;37;17 RUE SOLFERINO;LILLE;EN SERVICE;CONNECTEE;AVEC TPE;50.634686, 3.048344
30;30 Rue de Gand (CB);5;15;8 PLACE DE GAND;LILLE;EN SERVICE;CONNECTEE;AVEC TPE;50.64306, 3.067452
48;48 Porte de Douai (CB);7;19;PLACE FERNIG;LILLE;EN SERVICE;CONNECTEE;AVEC TPE;50.61831, 3.0722
49;49 Place Deliot;7;17;1 PLACE DELIOT;LILLE;EN SERVICE;CONNECTEE;SANS TPE;50.61957, 3.068387
51;51 JB Lebas;29;3;2 RUE CAMBRAI;LILLE;EN SERVICE;CONNECTEE;SANS TPE;50.62482, 3.068689
55;55 Porte d'Arras (CB);7;17;3 PLACE JACQUES FEBVRIER;LILLE;EN SERVICE;CONNECTEE;AVEC TPE;50.617847, 3.061758
56;56 Bd Victor Hugo (CB);16;2;214 BOULEVARD VICTOR HUGO;LILLE;EN SERVICE;CONNECTEE;AVEC TPE;50.620304, 3.055471
60;60 Trevise;20;0;114 RUE DE DOUAI;LILLE;EN SERVICE;CONNECTEE;SANS TPE;50.621185, 3.072363
69;69 Chasseurs de Driant;20;1;11 AVENUE VERHAEREN;LILLE;EN SERVICE;CONNECTEE;SANS TPE;50.61893, 3.032539
72;72 Canteleu;5;13;237 AVENUE DE DUNKERQUE;LILLE;EN SERVICE;CONNECTEE;SANS TPE;50.637302, 3.024314
73;73 St Maurice Pellevoisin (CB);17;7;211 RUE DU FAUBOURG DE ROUBAIX;LILLE;EN SERVICE;CONNECTEE;AVEC TPE;50.642315, 3.087979
79;79 Cimetiere du Sud (CB);16;4;65 RUE DU FAUBOURG DES POSTES;LILLE;EN SERVICE;CONNECTEE;AVEC TPE;50.61307, 3.047221
8;08 Place Richebe (CB);1;31;3 PLACE RICHEBE;LILLE;EN SERVICE;CONNECTEE;AVEC TPE;50.632366, 3.062313
81;81 Guinguette;7;3;RUE JACQUARD;LILLE HELLEMMES;EN SERVICE;CONNECTEE;SANS TPE;50.63529, 3.115088
83;83 EuraTechnologies (CB);7;17;AVENUE DE BRETAGNE (DEVANT L'ENTREE D'EURATECHNOLOGIE);LILLE;EN SERVICE;CONNECTEE;AVEC TPE;50.63407, 3.02066
86;86 Roger Salengro;7;5;68 RUE ROGER SALENGRO;LILLE HELLEMMES;EN SERVICE;CONNECTEE;SANS TPE;50.628742, 3.104017
89;89 Boulevard de Metz;8;10;40 BOULEVARD DE METZ;LILLE;EN SERVICE;CONNECTEE;SANS TPE;50.619312, 3.041299
96;96 Romarin (CB);16;2;ALLEE VICTOR BASCH;LA MADELEINE;EN SERVICE;CONNECTEE;AVEC TPE;50.64543, 3.075116
99;99 La Madeleine Mairie (CB);23;1;RUE DU GENERAL DE GAULLE;LA MADELEINE;EN SERVICE;CONNECTEE;AVEC TPE;50.654602, 3.073805
100;100 Saint Maur (CB);18;6;260 AVENUE DE LA REPUBLIQUE;LA MADELEINE;EN SERVICE;CONNECTEE;AVEC TPE;50.651638, 3.081625
105;105 Verdun;12;0;69 AVENUE DE VERDUN;MONS EN BAROEUL;EN SERVICE;CONNECTEE;SANS TPE;50.638126, 3.10231
108;108 General de Gaulle (CB);11;9;108 RUE DU GENERAL DE GAULLE;MONS EN BAROEUL;EN SERVICE;CONNECTEE;AVEC TPE;50.645267, 3.100516
115;115 De Gaulle;16;2;85, RUE DU GÉNÉRAL DE GAULLE;LA MADELEINE;EN SERVICE;CONNECTEE;SANS TPE;50.651497, 3.072316
118;118 College Lavoisier;9;8;56, RUE PAUL VAILLANT;LAMBERSART;EN SERVICE;CONNECTEE;SANS TPE;50.641834, 3.022364
123;123 Rue de l'Eglise (CB);6;11;71, RUE NATIONALE;MARCQ EN BAROEUL;EN SERVICE;CONNECTEE;AVEC TPE;50.665348, 3.075792
129;129 Flers Chateau (CB);6;7;RUE DE LA CHEVALERIE;VILLENEUVE D'ASCQ;EN SERVICE;CONNECTEE;AVEC TPE;50.63608, 3.130853
130;130 Pont de Bois (CB);10;20;RUE BAUDOUIN IX - MÉTRO PONT DE BOIS;VILLENEUVE D'ASCQ;EN SERVICE;CONNECTEE;AVEC TPE;50.624516, 3.127894
131;131 V.Ascq Hotel de Ville (CB);13;24;RUE VERMEER - PARKING DE L'HÔTEL DE VILLE;VILLENEUVE D'ASCQ;EN SERVICE;CONNECTEE;AVEC TPE;50.619602, 3.13197
135;135 Flers Masquelier;8;7;97, RUE JULES GUESDE;VILLENEUVE D'ASCQ;EN SERVICE;CONNECTEE;SANS TPE;50.63745, 3.123145
136;136 Rue Chambord;11;7;RUE CHAMBORD ANGLE AVENUE DE LA CHATELLENIE;VILLENEUVE D'ASCQ;EN SERVICE;CONNECTEE;SANS TPE;50.62972, 3.133873
142;142 Tremiere;11;9;RUE TRÉMIÈRES ANGLE RUE DES FUSILLÉS;VILLENEUVE D'ASCQ;EN SERVICE;CONNECTEE;SANS TPE;50.6206, 3.138207
144;144 Annappes Republique (CB);17;7;FACE AU 1 BIS RUE DE LA STATION;VILLENEUVE D'ASCQ;EN SERVICE;CONNECTEE;AVEC TPE;50.6258, 3.14862
15;15 Esplanade (CB);24;0;PONT DU PETIT PARADIS;LILLE;EN SERVICE;CONNECTEE;AVEC TPE;50.6449, 3.050645
151;151 Ch. des Margueritois;11;2;FACE AU 152 CHEMIN MARGUERITOIS;RONCHIN;EN SERVICE;CONNECTEE;SANS TPE;50.60642, 3.072209
158;158 Delecaut (CB);18;2;FACE AU 102 AVENUE HENRI DELECAUX;LAMBERSART;EN SERVICE;CONNECTEE;AVEC TPE;50.644943, 3.036932
19;19 Rue Royale (CB);11;13;40 RUE ROYALE;LILLE;EN SERVICE;CONNECTEE;AVEC TPE;50.64031, 3.05774
202;202 Parc Barbieux;12;11;AVENUE JEAN JAURES;ROUBAIX;EN SERVICE;CONNECTEE;SANS TPE;50.677914, 3.162353
206;206 Alfred Mongy;6;18;15, BOULEVARD DU GÉNÉRAL DE GAULLE;ROUBAIX;EN SERVICE;CONNECTEE;SANS TPE;50.688015, 3.174815
207;207 Euroteleport (CB);11;19;78-84, BOULEVARD DU GÉNÉRAL LECLERC;ROUBAIX;EN SERVICE;CONNECTEE;AVEC TPE;50.69138, 3.17966
209;209 Usine (CB);11;19;AVENUE ALFRED MOTTE;ROUBAIX;EN SERVICE;CONNECTEE;AVEC TPE;50.674995, 3.195737
210;210 Linne;5;7;192, AVENUE DE LINNÉ;ROUBAIX;EN SERVICE;CONNECTEE;SANS TPE;50.676884, 3.187817
212;212 Danielle Lesaffre;5;13;42, RUE DUPUY DE LOMÉ;ROUBAIX;EN SERVICE;CONNECTEE;SANS TPE;50.682053, 3.182205
213;213 Lannoy;8;10;93, RUE DE LANNOY;ROUBAIX;EN SERVICE;CONNECTEE;SANS TPE;50.68859, 3.182028
216;216 Fraternite (CB);15;1;PLACE DE LA FRATERNITÉ;ROUBAIX;EN SERVICE;CONNECTEE;AVEC TPE;50.681797, 3.194122
217;217 Hopital Victor Provo;7;9;BOULEVARD DE LYON;ROUBAIX;EN SERVICE;CONNECTEE;SANS TPE;50.67869, 3.172558
229;229 Nations Unies;7;11;158, BOULEVARD GAMBETTA;ROUBAIX;EN SERVICE;CONNECTEE;SANS TPE;50.692368, 3.185092
234;234 Alsace (CB);7;9;89, BOULEVARD D'ARMENTIÈRES;ROUBAIX;EN SERVICE;CONNECTEE;AVEC TPE;50.7004, 3.161378
235;235 Blanchemaille;3;13;AVENUE DES NATIONS UNIES ANGLE RUE BLANCHEMAILLE;ROUBAIX;EN SERVICE;CONNECTEE;SANS TPE;50.696327, 3.16713
238;238 Theatre Tourcoing (CB);5;12;1, RUE DE L'ALMA;TOURCOING;EN SERVICE;CONNECTEE;AVEC TPE;50.72075, 3.152659
240;240 Poste (CB);5;7;22, RUE LÉON SALEMBIER;TOURCOING;EN SERVICE;CONNECTEE;AVEC TPE;50.71922, 3.163396
241;241 Le Corbusier;5;13;RUE DES PIATS (SOUS ABRI BUS - PARVIS DE L'ATELIER);TOURCOING;EN SERVICE;CONNECTEE;SANS TPE;50.722343, 3.170847
247;247 Rouget de l Isle (CB);7;8;SECTEUR BVRD DE L'EGALITÉ;TOURCOING;EN SERVICE;CONNECTEE;AVEC TPE;50.734142, 3.167987
25;25 Gare Lille Flandres (CB);0;20;PLACE DE LA GARE;LILLE;EN SERVICE;CONNECTEE;AVEC TPE;50.63603, 3.069678
31;31 Pont Neuf;3;17;38 BIS RUE DU PONT NEUF;LILLE;EN SERVICE;DECONNECTEE;SANS TPE;50.644264, 3.062935
36;36 Cormontaigne (CB);27;0;16 - 36 PLACE CORMONTAIGNE;LILLE;EN SERVICE;CONNECTEE;AVEC TPE;50.62624, 3.039911
38;38 Place Casquette;18;0;1 RUE D'HAUBOURDIN;LILLE;EN SERVICE;CONNECTEE;SANS TPE;50.62429, 3.045321
45;45 Brule Maison;15;3;51 RUE DES POSTES;LILLE;EN SERVICE;CONNECTEE;SANS TPE;50.62648, 3.056666
47;47 Boulevard Louis XIV (CB);8;16;1 BOULEVARD JEAN BAPTISTE LEBAS;LILLE;EN SERVICE;CONNECTEE;AVEC TPE;50.62824, 3.069233
5;05 Massena (CB);0;32;73 RUE MASSENA;LILLE;EN SERVICE;CONNECTEE;AVEC TPE;50.63156, 3.054738
58;58 Porte de Valenciennes (CB);0;20;BOULEVARD DE BELFORT;LILLE;EN SERVICE;CONNECTEE;AVEC TPE;50.620857, 3.078947
59;59 Belfort;4;26;84 RUE DE TREVISE;LILLE;EN SERVICE;CONNECTEE;SANS TPE;50.622223, 3.077127
6;06 Republique Beaux Arts (CB);0;23;2 RUE INKERMAN;LILLE;EN SERVICE;CONNECTEE;AVEC TPE;50.630943, 3.060299
65;65 Place Tacq (CB);17;1;70 RUE DE LOOS;LILLE;EN SERVICE;CONNECTEE;AVEC TPE;50.621128, 3.035483
75;75 Eugene Jacquet (CB);21;0;59 RUE EUGENE JACQUET;LILLE;EN SERVICE;CONNECTEE;AVEC TPE;50.637337, 3.084894
77;77 Mont de Terre;15;3;7 RUE MATTEOTI;LILLE;EN SERVICE;CONNECTEE;SANS TPE;50.622963, 3.091363
85;85 Chanzy;12;0;58 RUE CHANZY;LILLE HELLEMMES;EN SERVICE;CONNECTEE;SANS TPE;50.625183, 3.100729
88;88 Rue Nationale (CB);0;27;91 RUE NATIONALE;LILLE;EN SERVICE;CONNECTEE;AVEC TPE;50.635082, 3.058015
91;91 Square des Meres;13;12;95 RUE DE LANNOY;LILLE;EN SERVICE;CONNECTEE;SANS TPE;50.63422, 3.096542
94;94 Marx Dormoy;3;21;RUE DE BORDEAUX;LILLE;EN SERVICE;CONNECTEE;SANS TPE;50.63579, 3.033977
